{
  "network_architecture": {
    "n_input": 4,
    "n_hidden": 8,
    "n_output": 3
  },
  "weights_input_hidden": [
    [
      0.9982046498742477,
      0.9982046498742477,
      0.9982046498742477,
      0.9982046498742477,
      0.9982046498742477,
      0.9982046498742477,
      0.9982046498742477,
      0.9982046498742477
    ],
    [
      0.9577445839585179,
      0.9577445839585179,
      0.9577445839585179,
      0.9577445839585179,
      0.9577445839585179,
      0.9577445839585179,
      0.9577445839585179,
      0.9577445839585179
    ],
    [
      0.9664280477643877,
      0.9664280477643877,
      0.9664280477643877,
      0.9664280477643877,
      0.9664280477643877,
      0.9664280477643877,
      0.9664280477643877,
      0.9664280477643877
    ],
    [
      0.9675220872601769,
      0.9675220872601769,
      0.9675220872601769,
      0.9675220872601769,
      0.9675220872601769,
      0.9675220872601769,
      0.9675220872601769,
      0.9675220872601769
    ]
  ],
  "weights_hidden_output": [
    [
      0.6699999999999997,
      0.8199999999999998,
      1.0
    ],
    [
      0.6699999999999997,
      0.8199999999999998,
      1.0
    ],
    [
      0.6699999999999997,
      0.8199999999999998,
      1.0
    ],
    [
      0.6699999999999997,
      0.8199999999999998,
      1.0
    ],
    [
      0.6699999999999997,
      0.8199999999999998,
      1.0
    ],
    [
      0.6699999999999997,
      0.8199999999999998,
      1.0
    ],
    [
      0.6699999999999997,
      0.8199999999999998,
      1.0
    ],
    [
      0.6699999999999997,
      0.8199999999999998,
      1.0
    ]
  ],
  "weights_input_hidden_quantized": [
    [
      15,
      15,
      15,
      15,
      15,
      15,
      15,
      15
    ],
    [
      14,
      14,
      14,
      14,
      14,
      14,
      14,
      14
    ],
    [
      14,
      14,
      14,
      14,
      14,
      14,
      14,
      14
    ],
    [
      15,
      15,
      15,
      15,
      15,
      15,
      15,
      15
    ]
  ],
  "weights_hidden_output_quantized": [
    [
      10,
      12,
      15
    ],
    [
      10,
      12,
      15
    ],
    [
      10,
      12,
      15
    ],
    [
      10,
      12,
      15
    ],
    [
      10,
      12,
      15
    ],
    [
      10,
      12,
      15
    ],
    [
      10,
      12,
      15
    ],
    [
      10,
      12,
      15
    ]
  ],
  "final_accuracy": 1.0,
  "patterns": {
    "L-shape": [
      [
        1,
        0
      ],
      [
        1,
        1
      ]
    ],
    "T-shape": [
      [
        1,
        1
      ],
      [
        0,
        1
      ]
    ],
    "Cross": [
      [
        0,
        1
      ],
      [
        1,
        1
      ]
    ]
  }
}